Age (Years),Cases (2018),Rate per 100K population (2018)
Under 1,119,3.020845
4-Jan,1403,8.768988
9-May,749,3.688885
14-Oct,614,2.954984
15-19,882,4.173832
20-24,1071,4.842071
25-29,1164,4.980647
30-34,1079,4.910748
35-39,874,4.116429
40-44,714,3.634814
45-49,626,2.984668
50-54,586,2.738178
55-59,592,2.689936
60-64,510,2.551569
65-69,475,2.821271
70-74,407,3.168039
75-79,291,3.329039
80-84,193,3.235383
85+,185,2.859933
,,
,,
,,
,,
,,
,,
,,
,,
,,
,,
,,
,,
,,
,,
,,
,,
,,
,,
,,
,,
,,
,,
,,
